58.800,-22.900,14.200
50.700,-10.400,3.800
-50.700,-10.700,5.900
58.100,-9.700,6.100
52.000,-0.700,3.200
62.500,-1.800,2.500
-32.200,-31.600,-16.600
-25.600,-22.400,-23.800
-3.800,46.800,-12.700
1.700,57.300,22.500
5.900,53.700,8.700
-5.600,-64.400,23.800
-2.300,64.800,9.800
-1.200,64.900,9.800
9.900,44.800,-8.600
5.000,61.100,-5.000
8.700,-43.800,25.900
0.000,31.600,12.700
9.700,-43.800,25.900
-4.200,-50.200,40.200
-21.900,42.000,37.200
-3.100,-50.200,40.300
-7.200,38.200,-7.800
-36.800,-86.000,-9.900
52.200,-31.500,-1.200
49.100,-31.600,-1.200
48.300,-18.300,-9.300
-52.000,-21.000,-12.300
-56.100,-58.000,10.200
-54.200,16.700,14.200
-45.600,22.400,-2.400
-55.000,-58.000,10.200
-59.200,-54.400,24.000
49.600,-52.200,20.600
-18.200,20.400,54.800
-25.600,18.900,53.700
-55.700,-44.100,-8.100
-35.100,-62.600,45.200
-54.900,-51.200,-10.100
-34.000,-62.600,45.200
-38.300,-62.500,58.600
-35.400,-76.500,51.100
-57.900,-44.400,-9.200
-45.600,-62.600,33.700
-54.900,-52.600,-15.500
-26.100,41.300,47.300
-56.100,-60.300,43.100
-53.200,-27.300,34.800
-64.000,-38.700,25.500
40.000,-15.000,-4.500
-48.900,-24.800,35.600
62.000,-22.800,47.900
-54.300,-31.100,45.600
-63.000,-38.700,25.500
-65.100,-38.800,25.400
6.300,-13.900,31.500
-1.200,-16.700,29.600
36.600,-65.700,45.200
3.800,-67.500,44.800
1.700,-67.200,38.000
-5.700,-70.400,30.500
11.100,-70.800,15.300
12.100,-73.000,6.800
8.200,-63.000,11.500
-8.000,-74.200,7.600
13.200,-73.000,6.800
-6.600,-62.900,8.900
36.500,53.100,-8.400
33.400,56.200,7.800
37.500,53.100,-8.400
28.500,31.500,43.700
51.900,-44.100,42.700
44.200,-56.100,43.600
45.300,-56.100,43.600
-1.600,7.700,59.800
-24.900,7.400,60.400
-6.600,17.900,48.800
7.000,14.200,46.400
-25.900,48.100,31.400
24.900,53.400,27.200
0.000,31.100,27.400
-6.400,27.600,18.900
44.900,13.000,1.600
47.000,10.300,-4.600
37.600,13.900,1.200
9.500,31.100,18.600
3.300,34.000,25.800
3.300,34.900,29.000
-47.800,17.800,-7.200
-31.500,36.700,30.100
-24.900,48.200,31.400
22.700,52.500,23.900
47.500,-9.500,45.100
48.500,-11.400,42.100
-53.800,-10.000,33.800
-36.000,-16.000,43.200
-38.200,-17.600,41.200
30.400,-20.300,51.200
-35.200,-27.400,62.200
40.800,-24.000,65.600
-21.200,-13.900,66.700
-36.100,-18.700,66.100
-41.500,-23.000,54.500
23.000,-18.000,73.000
32.500,-21.300,68.200
32.300,-27.300,53.700
41.900,-24.000,65.600
-19.200,-18.700,73.300
-27.800,-26.600,56.600
49.600,-11.400,42.100
32.100,-34.600,-15.600
-18.500,6.700,57.300
-22.800,6.600,57.200
21.700,13.600,51.400
-32.400,-37.900,-15.400
-36.700,-84.300,25.700
-43.900,-76.300,27.400
5.200,-56.300,53.900
11.200,-66.600,56.000
-5.300,-51.600,64.000
-17.300,-70.200,52.700
-35.700,-84.300,25.700
-28.100,-37.000,-12.100
25.300,30.600,40.400
28.700,39.300,40.000
9.500,-51.500,9.400
10.600,-51.700,42.000
26.400,30.600,40.400
24.400,-5.800,48.300
28.600,-5.600,52.900
-49.100,7.400,32.900
-48.200,2.700,31.500
-44.900,7.000,30.800
-18.400,-70.300,52.600
-53.000,20.000,22.600
-48.100,-35.500,53.300
-35.500,-38.000,42.800
-50.900,-61.800,-4.700
39.300,-41.200,46.300
41.400,-42.700,44.400
5.900,-27.700,49.700
-54.900,-11.500,-22.000
-35.000,24.000,3.200
15.300,-32.500,64.300
-47.500,-53.300,-18.500
-42.900,-35.700,-22.800
-35.500,-36.600,-27.000
36.200,-39.100,-24.800
-41.400,-21.700,9.300
-30.900,-21.700,8.500
42.900,-23.900,11.800
30.200,-25.000,8.300
-62.700,-28.600,1.200
-57.500,-31.800,-7.100
-59.700,-35.500,-21.000
-51.300,-37.300,-28.300
-52.400,-35.300,-20.900
69.300,-24.900,5.900
60.700,-28.600,0.700
53.200,-35.000,-10.600
47.800,-38.000,-21.400
61.600,-37.700,-21.100
53.200,-35.900,-13.800
43.600,-38.100,-21.400
68.300,-20.700,21.900
-31.400,-0.600,47.100
-44.100,-1.000,54.800
-56.800,-4.400,42.800
-32.400,3.000,56.500
9.500,-9.800,51.000
37.100,-5.400,53.000
44.500,-4.400,56.400
50.800,-5.700,51.200
27.600,-6.500,49.700
35.000,-4.600,56.200
-58.000,-10.800,35.000
0.400,44.600,32.700
45.700,-37.500,-19.300
-53.500,-37.300,-28.400
-60.700,-31.600,-6.100
-25.100,-3.200,7.400
57.200,-2.800,23.900
-42.500,-21.400,-18.800
-34.100,-23.700,-28.200
-20.400,-22.000,-22.600
-7.100,1.400,36.100
-3.000,-4.900,28.400
1.100,-10.400,28.400
-64.400,-10.200,4.400
-38.000,-11.800,0.800
47.300,-16.500,-6.300
57.800,-20.800,-15.400
43.900,-26.600,-23.600
49.200,-27.600,-27.800
57.700,-22.700,-18.400
-50.800,-16.600,-4.200
-52.000,-22.100,-16.600
-43.300,-13.600,-5.700
29.100,-26.600,-22.800
55.600,-22.500,-17.300
54.600,-20.600,-14.400
-52.000,-23.200,-20.900
-27.500,-12.500,5.700
43.800,8.800,43.800
7.800,45.200,30.500
40.600,9.200,41.400
-8.900,13.300,27.100
-0.500,11.600,24.300
7.900,10.800,29.100
2.700,10.600,24.500
-58.800,1.200,34.900
56.300,1.700,28.600
62.500,-0.300,29.100
56.100,-5.000,19.800
64.600,-3.800,19.700
66.600,-5.900,15.700
-63.200,-6.100,11.500
-67.600,-14.600,0.700
-55.300,-25.900,-30.600
44.300,-9.700,6.900
-26.400,-12.500,5.700
20.700,-25.700,-18.700
38.600,-27.000,-24.800
-55.200,-23.600,-22.000
38.000,-11.600,0.400
-13.700,29.300,50.900
13.000,42.400,27.800
-58.900,-43.300,-5.000
-45.200,-43.200,-13.600
46.500,-50.000,-16.900
59.100,-50.300,-18.800
40.200,-48.800,-16.200
27.600,-45.700,-15.900
17.200,-38.800,-9.600
29.800,-42.200,-10.900
-57.600,-34.700,19.300
-55.600,-36.900,10.700
-34.400,-35.500,18.800
-45.000,-36.600,15.400
63.600,-42.200,-1.100
58.200,-44.800,-6.400
56.100,-46.500,-8.400
-40.100,-11.000,62.300
12.700,-11.700,72.700
5.200,-13.900,72.900
-12.700,-13.100,39.800
6.000,-22.700,39.800
37.900,-16.200,66.300
51.500,-19.200,58.200
55.700,-19.900,55.100
61.700,-33.200,20.700
-3.000,-3.700,70.800
-5.300,-12.700,36.600
46.500,-5.800,-40.900
-55.600,-38.100,6.500
-60.800,-34.500,20.300
44.400,-48.900,-12.700
13.500,-20.700,38.500
-44.100,-44.800,9.100
-46.300,-45.700,5.900
-57.900,-47.100,1.400
-62.000,-41.400,19.300
-66.200,-41.800,18.100
-55.800,-47.400,0.400
21.600,51.300,-14.000
-35.500,43.800,-9.500
-32.400,44.400,-7.300
8.700,40.100,-22.300
-19.900,-85.700,-18.500
19.100,-87.100,-14.000
12.900,-83.800,-13.600
-42.900,-79.100,16.700
7.000,-67.600,23.600
29.100,-68.200,32.100
37.300,-78.200,18.400
43.600,-79.500,13.200
6.400,-50.400,76.400
39.600,-73.200,4.100
33.200,-74.000,-2.600
-2.500,-68.900,19.100
0.500,52.300,-21.400
-11.000,54.200,-17.600
-7.000,44.800,-20.200
-6.000,-79.000,18.700
7.300,-98.000,8.000
-20.400,-66.400,63.100
-34.100,59.200,-1.100
29.200,56.500,0.900
-7.400,-94.100,-17.800
-6.400,-94.100,-17.800
-12.400,-82.900,-16.600
10.300,61.500,-16.200
32.300,-67.600,63.400
3.700,51.000,-22.200
11.000,49.100,-21.700
9.300,63.100,2.500
28.200,59.800,9.200
30.200,56.500,0.900
28.100,56.500,0.900
44.900,54.600,-7.400
55.700,-62.300,-9.900
51.600,-13.000,-22.600
-53.900,-12.300,-25.200
-24.100,-3.200,7.400
10.200,18.700,-20.500
37.500,-71.300,7.100
-25.100,-0.500,-32.400
-48.200,2.300,-20.000
0.000,28.400,42.500
4.200,29.300,53.600
-12.700,29.400,51.000
65.700,-1.700,2.600
57.100,-4.900,-4.900
60.200,-7.000,-8.900
55.900,-12.000,-19.300
55.900,-12.900,-22.500
-48.500,-8.300,-10.200
-55.900,-9.300,-13.500
-51.700,-11.200,-20.900
-44.400,-14.900,-35.700
-50.700,-12.000,-24.100
-41.200,-12.600,-27.100
-38.100,-14.200,-33.500
-33.900,-15.000,-36.600
-29.600,-12.900,-29.000
-12.700,-13.500,-28.500
-26.400,-12.500,-27.900
-36.200,17.200,35.800
35.200,4.700,16.300
25.500,-3.100,8.600
-37.700,0.600,14.300
-33.500,-0.700,13.500
-26.200,-3.200,7.400
16.900,29.900,54.900
62.700,6.600,17.800
45.500,-7.100,-8.100
42.500,-0.100,6.200
42.100,-14.500,-23.600
40.000,-15.700,-28.000
34.600,-17.200,-33.400
30.500,-15.900,-28.100
19.900,-15.600,-26.200
26.200,-15.700,-27.200
-11.600,28.500,47.800
55.800,23.800,-0.200
-42.400,-60.700,-1.300
-12.300,-39.200,-9.100
28.700,-43.800,-12.900
-57.700,-37.800,7.500
-25.200,-4.800,68.300
39.400,-38.100,58.100
-24.000,-0.500,-32.300
59.600,-34.100,17.500
62.200,-13.600,-25.600
28.200,19.100,38.200
17.900,29.900,55.000
51.700,-12.100,-19.400
-66.300,-42.900,13.900
-35.000,-17.900,18.900
-29.800,-61.700,-9.800
60.600,7.000,-5.900
29.200,56.800,2.000
27.100,-64.200,-6.900
21.000,-53.900,-8.900
-46.500,-53.300,-18.500
54.900,-51.500,-10.800
42.100,-55.300,-16.000
67.000,-32.000,41.900
65.800,-36.500,24.800
65.700,-41.800,8.900
66.600,-46.800,2.100
47.700,-42.900,9.800
-57.300,-23.400,54.100
-52.100,-26.500,50.400
-37.200,-22.100,53.300
-45.600,-20.800,62.900
9.400,-15.100,76.600
36.500,-27.200,53.700
49.200,-24.900,61.500
40.700,-29.600,48.700
53.400,-28.400,52.100
9.700,40.100,-22.300
-10.000,10.100,-18.300
-49.400,-0.800,-31.800
-46.200,-1.800,-36.000
-32.500,-1.800,-36.800
-26.200,-2.800,-40.900
-27.200,-1.100,-34.500
-54.100,20.000,22.600
-14.600,35.700,54.200
1.600,11.400,-5.900
4.600,5.400,-20.400
18.600,13.700,-2.600
-60.800,6.500,-3.100
-51.400,1.700,-22.200
-53.400,6.400,-4.000
-3.200,-11.600,65.600
-5.400,-17.300,48.600
-3.000,-46.400,0.300
60.800,15.900,11.500
56.300,3.300,-15.400
48.800,-1.500,-24.800
36.000,-5.200,-37.900
47.600,-5.800,-40.900
32.900,-4.700,-35.800
27.600,-5.700,-39.100
27.600,-4.300,-33.800
25.500,-2.400,-30.800
-33.100,14.000,10.700
-21.500,13.500,-0.100
-20.500,13.600,-0.100
51.900,-1.400,-24.700
-52.400,2.500,-19.000
19.600,13.700,-2.500
61.600,-37.900,23.800
52.800,-51.000,-8.700
15.500,19.300,-18.300
-46.400,30.700,20.700
-55.200,18.300,-0.700
-33.900,24.100,3.200
20.300,40.100,35.200
52.900,34.100,27.000
21.800,16.800,-19.900
24.900,12.600,-28.000
41.800,15.600,-13.600
51.100,7.000,-34.200
-46.900,14.300,-12.100
-41.800,7.700,-37.700
-25.900,9.200,-33.100
10.900,43.300,23.100
8.600,35.700,11.000
32.600,26.200,6.600
-46.100,-40.900,40.900
-40.400,-62.700,-8.800
5.200,-55.400,-1.200
29.400,-56.700,0.800
19.700,-66.100,-13.400
36.500,-67.000,-14.000
31.300,-67.400,-15.100
-17.400,-32.100,38.800
5.400,-48.100,14.300
-21.400,-22.700,58.200
-39.400,-26.100,67.400
8.000,-28.800,74.700
12.100,-31.500,68.500
1.700,-26.800,66.300
0.500,-31.200,53.600
25.800,-32.400,72.400
44.600,-41.300,45.400
-10.000,54.200,-17.600
-1.300,-21.700,73.100
-2.800,42.700,50.900
-2.700,-35.600,33.100
-24.500,-59.100,-4.600
-41.500,-64.100,-14.100
-5.600,-62.900,8.900
11.300,18.700,-20.500
52.200,7.100,-34.200
-24.800,9.200,-33.000
21.300,38.200,32.200
53.600,23.100,-2.400
-52.000,17.800,-2.800
30.200,-67.700,-16.200
-54.100,-62.400,-6.900
49.400,23.800,25.400
9.500,31.200,-22.900
13.700,31.600,-21.700
6.400,32.300,-14.200
51.800,32.700,-7.600
37.000,31.200,-12.100
41.100,27.900,-29.400
8.800,45.300,30.600
7.000,-65.300,3.000
-1.500,-68.900,19.100
-8.500,30.000,-22.000
0.400,44.800,33.800
-6.700,-67.300,-3.700
55.700,-61.000,32.500
6.700,45.200,30.500
-6.000,-40.200,57.400
8.600,-46.400,74.600
9.700,-46.400,74.600
29.200,59.800,9.300
-41.900,40.900,17.800
-42.100,35.900,-1.400
-31.600,33.600,-10.900
2.800,-26.700,66.300
-44.600,-20.800,62.900
-22.500,16.600,-5.200
19.800,19.200,-2.400
26.200,64.700,-5.200
-47.400,-8.200,-10.100
26.500,-5.700,6.900
-21.000,-5.500,6.800
-28.600,-16.400,7.500
52.700,-12.100,-19.400
-16.800,-50.200,70.200
27.200,-18.500,8.200
-49.200,-11.700,8.400
-54.800,-13.000,5.000
-16.600,57.500,30.500
-16.600,57.400,29.400
-7.300,41.700,13.100
7.200,42.300,22.600
-7.400,56.500,-3.600
11.700,52.600,1.600
-6.300,56.400,-7.100
-9.700,56.700,5.900
-5.300,66.600,3.800
9.500,53.300,-7.900
-18.600,-29.500,-14.700
-25.300,-29.600,-17.000
2.300,-20.900,33.000
-15.500,57.500,30.600
-5.000,41.300,1.400
4.000,40.200,-4.400
-6.000,38.700,-11.400
-8.200,38.600,-13.700
-3.000,43.300,27.100
6.300,38.800,-13.700
50.900,-60.600,34.400
10.600,-57.100,26.800
-2.800,-53.200,19.400
30.200,-79.000,-14.800
-33.700,-84.100,-6.200
-32.600,-84.000,-3.900
36.900,-78.500,-5.400
39.100,-78.500,-6.500
57.700,-52.500,10.000
-53.300,-57.300,22.000
58.800,-51.300,13.500
48.500,-18.200,-6.100
50.700,-18.200,-8.400
-50.000,-54.700,32.400
-57.900,-28.800,-6.600
51.800,-6.400,-16.600
-35.300,14.200,55.700
-40.900,14.000,53.300
-39.800,46.400,5.500
-19.700,-72.900,60.100
-38.700,46.400,5.500
-42.100,-67.300,44.100
-58.800,-46.400,-9.700
-58.700,-46.500,-14.400
-63.700,-37.200,37.800
50.400,-30.200,58.700
-59.300,-36.900,46.100
2.500,-38.700,26.300
-0.900,-34.400,25.900
11.200,-19.600,35.300
-1.500,-75.900,28.500
9.500,-71.800,45.900
13.200,-76.100,15.600
-6.900,-78.800,8.700
10.900,-76.200,13.200
-11.500,-67.100,0.600
26.300,16.300,54.500
18.400,27.900,46.300
31.900,15.200,52.200
40.700,-56.900,51.700
42.100,27.600,24.000
-8.500,33.500,29.200
6.100,27.200,32.200
-24.400,44.300,35.300
-8.300,16.300,37.800
1.700,17.800,47.200
-8.300,17.200,33.000
5.100,27.100,28.600
-28.800,41.900,29.600
-8.400,33.300,24.500
26.100,42.900,32.000
-39.400,-17.900,47.900
-2.500,-12.500,58.200
-25.900,-27.000,61.800
40.200,-28.100,60.900
-21.500,-26.700,68.800
-31.600,-26.800,70.000
31.300,-28.200,63.200
45.800,-14.400,43.100
49.200,-15.400,45.600
11.800,-47.000,1.200
-32.900,-82.600,40.800
38.800,-76.200,29.800
40.000,-76.200,29.800
50.000,-76.100,28.700
21.800,27.800,40.400
-2.000,-52.100,51.100
2.400,-53.800,65.500
-27.300,-79.200,39.400
-50.700,7.300,22.000
48.900,13.700,31.200
-25.100,-0.700,64.100
50.000,13.700,31.200
-43.500,-46.300,51.700
-29.900,-62.300,56.700
-26.200,-0.900,57.100
51.600,-32.600,50.700
51.600,-32.700,48.400
-40.300,-34.200,49.400
32.000,4.500,57.900
37.200,-46.100,48.300
38.300,-44.900,51.800
-49.600,7.400,22.000
22.300,9.000,2.000
55.800,13.000,5.300
31.400,8.500,-16.800
39.300,8.600,-18.000
-50.600,5.700,6.800
-28.000,5.400,-15.500
-33.800,6.100,10.400
-49.300,5.300,-6.100
-37.800,4.300,-43.700
42.800,5.900,-35.400
24.900,5.300,-44.800
41.600,6.000,-33.100
9.100,53.900,41.600
-18.900,57.400,29.400
12.500,53.900,41.600
-16.400,63.900,-6.600
-16.400,63.600,-13.700
7.000,67.700,-3.400
-9.600,63.700,-14.800
-0.700,64.800,-19.600
10.500,67.100,-21.000
3.700,67.400,-9.200
-9.700,63.800,-12.500
-10.400,36.100,-21.800
5.200,38.800,-13.700
47.700,40.900,-6.700
-23.900,36.200,-13.600
22.700,42.900,34.300
-38.800,48.700,10.000
35.700,9.500,9.100
12.700,52.800,8.600
9.600,52.900,-19.700
18.100,67.400,15.600
-19.600,51.600,-11.400
11.800,53.000,-19.700
39.600,54.500,10.900
33.000,53.700,-9.100
25.200,54.600,-9.200
-21.100,65.600,14.500
21.500,67.400,14.400
20.500,67.900,-3.300
21.600,67.800,-6.900
25.000,67.800,-6.900
-21.500,20.200,-1.500
19.900,20.900,-1.400
50.700,-6.800,-27.200
41.900,-8.400,-36.500
49.600,-7.000,-30.700
54.000,-6.500,-20.100
21.100,24.700,-19.500
-56.500,19.500,28.000
-35.800,-15.700,13.500
48.800,41.000,-4.400
40.900,27.600,24.000
7.700,-6.500,36.400
64.500,-37.000,-19.700
27.500,-37.600,-20.900
-37.700,-11.700,-30.500
-8.500,63.800,-12.500
42.200,-0.100,46.500
-1.200,-35.300,63.800
-4.600,-37.100,76.900
13.300,-39.900,80.800
13.600,-38.000,41.600
-7.700,-34.000,41.200
12.500,-38.100,39.300
10.300,-38.200,35.800
8.100,-38.300,33.400
-63.100,-60.400,-0.200
-31.700,-60.000,-4.900
-45.100,-60.500,-13.100
-64.300,-59.200,2.100
58.000,-54.500,-15.700
46.800,-54.700,-16.900
26.500,-52.500,-6.600
29.900,-52.500,-8.900
-18.400,-54.200,-3.000
-10.600,-48.600,-1.100
-10.600,-46.300,-0.100
64.300,-50.600,30.000
-33.600,-44.500,66.900
3.200,8.700,3.200
-3.500,5.600,10.500
-19.400,-10.400,65.000
-25.600,-17.900,7.900
-38.300,-15.500,51.300
-50.700,-17.700,58.500
61.500,-17.300,47.000
-29.200,-1.600,6.400
65.400,-18.300,-17.800
33.800,-53.200,66.700
-68.100,-24.200,3.600
-54.600,-26.400,-2.100
-57.700,-31.600,-26.400
-51.000,-30.200,-19.400
-10.000,-54.800,75.000
43.000,-19.000,-26.100
-10.200,-10.000,37.900
5.300,-14.200,69.000
8.700,-7.400,41.200
-4.600,-9.900,37.900
-0.100,-10.100,29.600
8.800,-6.500,36.400
4.300,-6.800,29.400
-28.400,-8.500,58.900
39.700,-19.100,-28.400
-49.100,-14.500,-9.000
-51.300,-14.600,-12.600
57.400,-6.400,-17.700
-41.600,19.200,-20.300
47.900,-54.700,-16.900
48.600,-36.400,6.200
37.000,-93.400,9.000
35.800,-92.200,11.200
0.100,-95.400,0.800
18.100,-95.400,-8.600
-3.500,-26.500,66.500
2.000,-20.900,66.000
-6.800,-21.800,43.700
32.000,-72.600,42.500
11.000,-24.000,67.500
36.100,-18.100,2.100
30.400,-17.000,5.600
-48.300,-85.000,8.000
-20.900,-11.500,-32.800
-27.600,-11.500,-30.500
-46.200,-83.300,25.500
-40.000,-11.800,-31.700
-30.900,-13.000,-38.600
-31.000,-11.700,-32.800
-37.900,-23.500,10.700
-32.400,-23.100,17.700
-30.000,-24.700,3.700
40.600,-18.100,1.000
-55.100,5.900,13.900
-55.400,19.500,28.000
-45.200,-72.400,23.400
-28.100,-1.500,6.400
56.700,-63.300,15.700
26.300,-72.500,49.500
30.900,-74.100,33.200
13.200,-25.000,68.800
-25.100,-76.000,37.900
-15.000,-73.800,30.700
10.000,-78.100,-10.200
18.900,-78.800,-4.200
-23.400,-14.500,8.700
-30.000,-61.100,60.100
-45.400,-31.200,-19.300
-39.800,-31.000,-17.000
-33.100,-31.100,-24.000
34.100,-19.100,-26.100
24.000,-19.300,-26.100
-43.100,-44.100,-14.600
-39.700,-44.000,-14.600
44.300,-37.200,-16.200
40.900,-37.300,-17.300
-64.500,-42.600,8.800
-67.800,-43.900,3.000
-62.300,-42.500,8.800
-6.900,-91.200,29.900
-17.000,-93.800,24.200
61.000,-36.400,0.300
40.600,-33.900,18.900
46.400,-36.400,7.400
-67.000,-40.900,27.500
12.200,-92.400,17.100
0.000,-91.800,8.700
15.800,-95.400,-7.400
-38.200,-29.500,59.600
-12.400,-91.900,12.200
-11.100,-96.700,0.900
-33.600,-97.900,6.800
-27.800,-98.400,-9.600
-7.900,-23.900,48.600
13.400,-20.600,37.700
-14.600,-81.800,-11.100
-5.800,-79.000,1.600
-15.400,64.400,7.500
60.200,-54.400,-14.600
-5.900,-26.200,75.900
-15.300,63.900,-6.600
-8.500,63.700,-14.800
-51.200,-13.900,-23.300
-51.200,-14.000,-28.000
47.500,-7.300,-38.900
48.600,-7.300,-38.900
37.400,-10.600,-35.100
47.400,-7.000,-29.500
65.000,-4.200,10.400
53.900,-7.100,-5.900
-19.500,-0.600,64.100
35.400,3.400,55.700
33.100,4.600,60.300
26.800,22.300,-28.700
-11.400,24.200,-16.000
6.500,24.600,-14.800
-20.400,24.100,-16.000
14.300,24.800,-11.200
-53.200,19.600,30.300
-36.200,21.400,10.200
-3.600,24.700,-6.600
-2.500,24.700,-6.600
2.000,24.800,-5.400
-14.200,30.900,54.200
-15.300,29.600,48.400
-48.800,35.800,21.800
-8.100,36.200,-20.600
7.500,38.600,-20.800
9.800,38.600,-22.000
22.000,40.300,-10.300
6.400,38.500,-24.300
44.200,40.400,12.200
43.300,40.600,-12.600
-39.700,35.300,1.800
-43.000,35.200,0.600
9.400,42.300,23.700
39.900,26.300,20.500
35.500,25.900,8.800
33.300,25.700,5.200
-64.000,-12.000,37.900
-45.800,-12.800,5.000
43.400,-1.300,44.300
51.200,-4.200,50.500
61.500,-4.700,30.500
66.000,-4.700,29.300
-5.700,-36.300,68.600
0.000,-35.300,63.800
-7.800,-33.800,47.100
-6.800,-36.200,70.900
39.500,-46.300,41.300
-11.400,24.300,-13.600
-38.500,35.200,-1.700
21.700,-10.700,-31.600
-42.400,-14.100,-2.000
51.800,-6.800,-27.200
25.600,-91.800,30.000
36.600,25.900,8.800
-40.800,-69.900,30.200
-44.200,-71.100,28.000
-44.100,-72.400,23.400
-41.900,-71.100,28.000
66.500,-18.300,-17.800
-4.400,-52.600,70.100
45.600,-65.000,1.700
46.800,-65.100,-0.600
-4.900,-62.400,7.200
14.100,-61.900,12.000
25.300,-60.500,16.600
43.500,-65.300,-6.500
9.700,-64.500,2.700
42.400,-65.500,-10.100
24.400,-65.600,-4.200
-50.600,-74.400,-0.100
-55.100,-74.400,-0.100
37.800,-12.600,67.700
51.300,-16.100,55.100
-36.200,-1.300,50.000
45.000,-6.300,-9.500
41.700,-6.500,-14.200
43.800,-6.000,2.200
29.200,-7.100,8.200
-7.100,-0.900,47.700
8.600,3.600,44.900
-7.000,-1.100,41.800
-1.400,-1.200,34.700
8.600,2.400,40.300
6.500,-1.300,30.000
65.400,-50.600,30.000
30.700,-19.200,-26.100
-11.200,-95.400,5.500
39.100,-27.900,67.900
13.800,-11.700,-24.500
30.800,-36.200,-12.700
28.500,-35.100,-11.700
-59.000,-8.000,5.000
-57.000,-19.000,13.000
-3.000,-46.000,37.000
-5.000,-55.000,36.000
-2.000,-55.000,18.000
-11.000,-55.000,34.000
-5.000,46.000,-18.000
-4.000,46.000,-18.000
-5.000,45.000,-1.000
-18.000,-35.000,-3.000
-2.000,-46.000,37.000
-56.000,-47.000,29.000
-55.000,-57.000,12.000
-55.000,-57.000,29.000
-59.000,-47.000,28.000
-50.000,33.000,-10.000
-63.000,-46.000,13.000
-55.000,-47.000,29.000
-32.000,-69.000,55.000
-29.000,-69.000,56.000
-25.000,17.000,49.000
-37.000,47.000,-4.000
-41.000,29.000,52.000
-40.000,47.000,-4.000
-26.000,17.000,59.000
-23.000,29.000,46.000
-61.000,-36.000,-14.000
-9.000,-68.000,32.000
-11.000,-68.000,30.000
-2.000,-34.000,25.000
-4.000,17.000,43.000
-4.000,17.000,66.000
-3.000,4.000,61.000
-3.000,28.000,35.000
-13.000,-20.000,73.000
-42.000,-20.000,55.000
-36.000,-20.000,45.000
-42.000,-20.000,51.000
-34.000,-20.000,66.000
-33.000,-20.000,66.000
-6.000,-46.000,50.000
-6.000,-55.000,49.000
-15.000,-55.000,17.000
-6.000,-68.000,59.000
-14.000,-55.000,17.000
-32.000,-36.000,-14.000
-31.000,-47.000,45.000
-44.000,-47.000,48.000
-46.000,-35.000,43.000
-36.000,-56.000,51.000
-32.000,-47.000,47.000
-40.000,-35.000,50.000
-45.000,5.000,31.000
-58.000,-46.000,3.000
-61.000,-46.000,-19.000
-52.000,-46.000,-17.000
-60.000,-36.000,1.000
-69.000,-36.000,9.000
-58.000,-19.000,-19.000
-43.000,-8.000,13.000
-41.000,-9.000,5.000
-67.000,-8.000,4.000
-68.000,-8.000,23.000
-4.000,16.000,-9.000
-10.000,-46.000,59.000
-20.000,-46.000,68.000
-32.000,-35.000,39.000
-46.000,-36.000,-33.000
-5.000,-20.000,72.000
-47.000,-19.000,-34.000
-53.000,-19.000,-26.000
-29.000,-9.000,59.000
-65.000,-8.000,-16.000
-47.000,3.000,-14.000
-63.000,3.000,-7.000
-65.000,-8.000,41.000
-61.000,-8.000,38.000
-29.000,-55.000,65.000
-34.000,-56.000,-9.000
-32.000,-56.000,-6.000
-49.000,-56.000,-12.000
-21.000,-68.000,21.000
-9.000,-69.000,-1.000
-19.000,-69.000,6.000
-18.000,-68.000,14.000
-22.000,-68.000,20.000
-54.000,-70.000,27.000
-61.000,-71.000,-1.000
-63.000,3.000,10.000
-3.000,17.000,24.000
-47.000,17.000,52.000
-28.000,16.000,-43.000
-46.000,16.000,-40.000
-32.000,16.000,-27.000
-5.000,28.000,17.000
-4.000,28.000,17.000
-5.000,47.000,-29.000
-25.000,44.000,51.000
-11.000,32.000,-24.000
-24.000,16.000,-26.000
-37.000,-35.000,-9.000
-16.000,-9.000,-32.000
-15.000,-9.000,-31.000
-17.000,-34.000,44.000
0.000,-34.000,52.000
-26.000,-20.000,-33.000
-63.000,-35.000,22.000
-61.000,-19.000,-7.000
-68.000,-8.000,20.000
-43.000,-8.000,20.000
-5.000,31.000,-22.000
-7.000,30.000,-17.000
-25.000,-46.000,52.000
-38.000,-35.000,68.000
-54.000,-36.000,-27.000
-50.000,-19.000,-34.000
-55.000,-20.000,59.000
-2.000,-9.000,29.000
-2.000,-9.000,25.000
-12.000,-9.000,32.000
-11.000,-9.000,32.000
-64.000,-8.000,-16.000
-49.000,3.000,-36.000
-54.000,3.000,-30.000
-38.000,-9.000,70.000
-58.000,-57.000,-1.000
-56.000,-57.000,0.000
-31.000,-56.000,-6.000
-22.000,-69.000,63.000
-52.000,-70.000,24.000
-50.000,-71.000,-13.000
-38.000,4.000,54.000
-3.000,5.000,25.000
-8.000,5.000,34.000
-44.000,3.000,3.000
-59.000,5.000,42.000
-50.000,30.000,37.000
-9.000,32.000,-28.000
-8.000,32.000,-25.000
-24.000,44.000,51.000
-6.000,47.000,-27.000
-26.000,47.000,-16.000
-22.000,47.000,-17.000
-4.000,28.000,47.000
-55.000,32.000,10.000
-5.000,44.000,54.000
-9.000,-46.000,10.000
-52.000,-71.000,-11.000
-54.000,-46.000,-30.000
-63.000,-36.000,-20.000
-58.000,-36.000,4.000
-62.000,-19.000,-12.000
-46.000,3.000,-17.000
-9.000,-55.000,66.000
-26.000,-55.000,9.000
-51.000,-56.000,-14.000
-52.000,-56.000,-10.000
-61.000,-71.000,-3.000
-47.000,-70.000,24.000
-43.000,3.000,10.000
-45.000,3.000,8.000
-41.000,47.000,-17.000
-48.000,46.000,13.000
-3.000,28.000,47.000
-35.000,-20.000,-24.000
-29.000,-20.000,-35.000
-37.000,-20.000,-23.000
-41.000,-19.000,3.000
-41.000,-19.000,8.000
-26.000,-45.000,-2.000
-40.000,-46.000,-5.000
-25.000,-45.000,-4.000
-3.000,16.000,-5.000
-54.000,-20.000,59.000
-24.000,-55.000,8.000
-2.000,5.000,25.000
-7.000,5.000,34.000
-45.000,16.000,-40.000
-10.000,32.000,-24.000
-4.000,47.000,-29.000
-53.000,-6.000,-3.000
-60.000,5.000,-6.000
-59.000,5.000,-6.000
-62.000,6.000,1.000
-54.000,-26.000,16.000
-66.000,-26.000,14.000
-23.000,-26.000,-18.000
-2.000,-47.000,33.000
-3.000,-58.000,12.000
-20.000,56.000,27.000
-3.000,-47.000,20.000
-3.000,55.000,6.000
-6.000,34.000,-4.000
-23.000,48.000,32.000
-5.000,46.000,-17.000
-7.000,46.000,-13.000
-22.000,-26.000,-16.000
-28.000,-38.000,-9.000
-19.000,56.000,27.000
-29.000,-82.000,-17.000
-32.000,-91.000,6.000
-35.000,-92.000,9.000
-21.000,-99.000,6.000
-14.000,-99.000,16.000
-57.000,-60.000,28.000
-62.000,-60.000,24.000
-58.000,-61.000,41.000
-56.000,-59.000,14.000
-50.000,-49.000,33.000
-56.000,-26.000,-6.000
-53.000,-49.000,30.000
-59.000,26.000,15.000
-29.000,26.000,47.000
-41.000,-70.000,52.000
-28.000,27.000,54.000
-43.000,-60.000,41.000
-40.000,-59.000,43.000
-29.000,15.000,66.000
-30.000,-81.000,44.000
-51.000,-38.000,39.000
-68.000,-26.000,38.000
-4.000,-26.000,35.000
-4.000,-26.000,32.000
-3.000,-80.000,48.000
-6.000,-38.000,25.000
-7.000,-67.000,1.000
-3.000,-80.000,10.000
-5.000,-80.000,8.000
-3.000,25.000,26.000
-3.000,26.000,44.000
-41.000,14.000,-7.000
-1.000,4.000,55.000
-3.000,25.000,28.000
-2.000,25.000,28.000
-7.000,15.000,39.000
-3.000,35.000,35.000
0.000,4.000,55.000
-50.000,-18.000,52.000
-49.000,-18.000,52.000
-13.000,-27.000,72.000
-46.000,-17.000,54.000
-30.000,-17.000,77.000
-3.000,-68.000,58.000
-9.000,-58.000,48.000
-30.000,5.000,56.000
-8.000,-58.000,48.000
-30.000,-38.000,-13.000
-40.000,-48.000,52.000
-41.000,-48.000,55.000
-22.000,-5.000,53.000
-44.000,-48.000,53.000
-27.000,-5.000,54.000
-51.000,16.000,33.000
-50.000,35.000,15.000
-43.000,-48.000,53.000
-17.000,4.000,-34.000
-24.000,4.000,-42.000
-26.000,4.000,-45.000
-35.000,-7.000,-39.000
-13.000,-7.000,-26.000
-5.000,33.000,-28.000
-40.000,-6.000,9.000
-13.000,-47.000,61.000
-20.000,-69.000,36.000
-18.000,-68.000,70.000
-6.000,-67.000,3.000
-17.000,-67.000,-2.000
-36.000,-69.000,-7.000
-6.000,-81.000,55.000
-8.000,-80.000,-15.000
-1.000,-93.000,-7.000
-21.000,-91.000,30.000
-19.000,-59.000,3.000
-59.000,-59.000,1.000
-66.000,-48.000,-4.000
-7.000,-18.000,46.000
-7.000,-18.000,50.000
-5.000,-38.000,35.000
-2.000,-38.000,52.000
-29.000,-38.000,-19.000
-53.000,-38.000,-25.000
-69.000,-38.000,-18.000
-35.000,-26.000,-21.000
-46.000,-26.000,-24.000
-60.000,-26.000,-28.000
-59.000,-26.000,-37.000
-63.000,-26.000,-27.000
-43.000,-17.000,67.000
-64.000,-18.000,41.000
-65.000,-18.000,-32.000
-63.000,-18.000,-25.000
-68.000,-6.000,28.000
-61.000,-6.000,40.000
-51.000,-6.000,-10.000
-28.000,-7.000,-42.000
-43.000,-7.000,-47.000
-54.000,-6.000,-37.000
-58.000,5.000,-8.000
-57.000,5.000,-23.000
-41.000,5.000,-41.000
-8.000,3.000,38.000
-53.000,14.000,-11.000
-25.000,13.000,-37.000
-21.000,23.000,-28.000
-25.000,23.000,-17.000
-12.000,36.000,54.000
-6.000,33.000,-17.000
-8.000,33.000,-28.000
-34.000,34.000,-15.000
-44.000,48.000,3.000
-32.000,47.000,-22.000
-42.000,47.000,-17.000
-43.000,47.000,-12.000
-16.000,53.000,-24.000
-29.000,53.000,-19.000
-31.000,4.000,-19.000
-21.000,-47.000,74.000
-17.000,-68.000,46.000
-22.000,-67.000,16.000
-15.000,-80.000,-16.000
-50.000,-83.000,10.000
-2.000,-92.000,4.000
-4.000,-93.000,7.000
-3.000,-93.000,-19.000
-17.000,-99.000,-3.000
-6.000,-99.000,-17.000
-17.000,-58.000,68.000
-11.000,-59.000,-3.000
-51.000,-59.000,-24.000
-35.000,-59.000,-5.000
-59.000,-59.000,-24.000
-68.000,-49.000,33.000
-48.000,-47.000,-14.000
-65.000,-48.000,-6.000
-67.000,-48.000,4.000
-6.000,-18.000,30.000
-8.000,-17.000,74.000
-61.000,-38.000,12.000
-48.000,-38.000,-22.000
-64.000,-38.000,0.000
-8.000,-26.000,43.000
-9.000,-26.000,46.000
-41.000,-26.000,-17.000
-40.000,-18.000,-26.000
-44.000,-18.000,-26.000
-61.000,-18.000,-20.000
-5.000,-5.000,73.000
-9.000,-6.000,46.000
-50.000,-6.000,30.000
-43.000,-6.000,61.000
-27.000,-7.000,-42.000
-30.000,-7.000,-38.000
-28.000,-7.000,-47.000
-39.000,-7.000,-40.000
-66.000,5.000,-10.000
-43.000,5.000,-31.000
-4.000,3.000,32.000
-11.000,15.000,71.000
-1.000,14.000,-11.000
-36.000,15.000,37.000
-35.000,15.000,37.000
-56.000,16.000,-5.000
-23.000,13.000,-37.000
-57.000,25.000,26.000
-41.000,23.000,-12.000
-5.000,24.000,-6.000
-36.000,34.000,-13.000
-35.000,34.000,-13.000
-52.000,34.000,-9.000
-16.000,46.000,-22.000
-6.000,46.000,-28.000
-31.000,47.000,-22.000
-5.000,53.000,-30.000
-2.000,53.000,-29.000
-1.000,53.000,-29.000
-34.000,54.000,-18.000
-33.000,54.000,-18.000
-8.000,-47.000,45.000
-42.000,-70.000,10.000
-57.000,-70.000,19.000
-51.000,-69.000,-21.000
-19.000,-81.000,49.000
-22.000,-80.000,18.000
-17.000,-81.000,51.000
-15.000,-80.000,-18.000
-45.000,-83.000,20.000
-17.000,-91.000,10.000
-22.000,-91.000,13.000
-5.000,-99.000,10.000
-28.000,-99.000,-7.000
-7.000,-99.000,-2.000
-7.000,-99.000,2.000
-22.000,-59.000,2.000
-60.000,-59.000,4.000
-64.000,-48.000,-25.000
-51.000,-47.000,-16.000
-21.000,-38.000,73.000
-46.000,-38.000,60.000
-57.000,-38.000,-32.000
-60.000,-38.000,-24.000
-63.000,-38.000,-3.000
-3.000,-26.000,71.000
-52.000,-27.000,62.000
-69.000,-26.000,-10.000
-33.000,-18.000,-36.000
-4.000,-6.000,33.000
-59.000,-6.000,24.000
-42.000,-6.000,-11.000
-66.000,-6.000,-13.000
-67.000,-6.000,10.000
-26.000,-7.000,-36.000
-65.000,6.000,19.000
-41.000,5.000,-17.000
-46.000,6.000,0.000
-50.000,5.000,-44.000
-3.000,14.000,-7.000
-5.000,27.000,62.000
-30.000,13.000,-39.000
-52.000,13.000,-35.000
-5.000,14.000,31.000
1.000,23.000,-27.000
-13.000,36.000,55.000
-22.000,33.000,-23.000
-23.000,48.000,29.000
-3.000,46.000,-28.000
-23.000,56.000,23.000
-32.000,55.000,9.000
-21.000,-18.000,-25.000
-68.000,-26.000,9.000
-3.000,-80.000,22.000
-17.000,-47.000,1.000
-30.000,-47.000,-8.000
-30.000,-47.000,-13.000
-14.000,-38.000,-3.000
-42.000,-19.000,-4.000
-49.000,-19.000,-3.000
-61.000,-19.000,-1.000
-14.000,-7.000,-29.000
-49.000,-6.000,30.000
-38.000,-7.000,-40.000
-57.000,-28.000,14.000
-5.000,-62.000,19.000
-10.000,-52.000,34.000
-6.000,35.000,22.000
-5.000,48.000,32.000
-8.000,49.000,36.000
-4.000,60.000,21.000
-6.000,47.000,-11.000
-4.000,48.000,32.000
-5.000,47.000,-11.000
-6.000,48.000,-5.000
-8.000,60.000,-4.000
-20.000,37.000,41.000
-7.000,49.000,36.000
-45.000,-78.000,-11.000
-58.000,-55.000,23.000
-54.000,-55.000,36.000
-54.000,18.000,13.000
-58.000,-55.000,17.000
-37.000,59.000,-8.000
-31.000,-76.000,49.000
-35.000,-65.000,41.000
-66.000,-43.000,-8.000
-49.000,20.000,30.000
-23.000,21.000,50.000
-43.000,-66.000,49.000
-45.000,48.000,-4.000
-62.000,-31.000,-17.000
-30.000,13.000,52.000
-26.000,21.000,58.000
-43.000,48.000,-9.000
-68.000,-28.000,30.000
-58.000,-28.000,45.000
-38.000,37.000,35.000
-61.000,-40.000,36.000
-63.000,-40.000,46.000
-2.000,-75.000,50.000
-3.000,-75.000,41.000
-2.000,-27.000,24.000
-7.000,-86.000,10.000
-7.000,-75.000,9.000
-6.000,-86.000,10.000
-1.000,2.000,70.000
-34.000,10.000,5.000
-54.000,10.000,-5.000
-8.000,20.000,29.000
-36.000,50.000,25.000
-4.000,36.000,29.000
-34.000,10.000,3.000
-36.000,18.000,2.000
-29.000,-13.000,68.000
0.000,-13.000,55.000
-6.000,-64.000,60.000
-9.000,-52.000,46.000
-37.000,-77.000,28.000
-8.000,-52.000,52.000
-19.000,1.000,54.000
-32.000,-51.000,48.000
-31.000,-51.000,62.000
-23.000,1.000,56.000
-52.000,13.000,44.000
-50.000,-80.000,21.000
-18.000,-53.000,-2.000
-47.000,-27.000,50.000
-34.000,-2.000,-38.000
-63.000,-3.000,-17.000
-4.000,20.000,20.000
-52.000,17.000,-13.000
-4.000,60.000,-14.000
-9.000,-86.000,-20.000
-22.000,-85.000,-16.000
-7.000,-85.000,-1.000
-10.000,-75.000,2.000
-19.000,-75.000,0.000
-53.000,-79.000,-7.000
-24.000,-65.000,32.000
-19.000,-62.000,9.000
-50.000,-66.000,-14.000
-41.000,-64.000,-8.000
-16.000,-53.000,-2.000
-26.000,-54.000,-8.000
-24.000,-54.000,-9.000
-59.000,-15.000,-20.000
-66.000,-16.000,12.000
-58.000,-14.000,48.000
-44.000,-14.000,64.000
-64.000,-31.000,-13.000
-9.000,-27.000,40.000
-14.000,-37.000,71.000
-4.000,-36.000,45.000
-70.000,-44.000,5.000
-64.000,-43.000,20.000
-39.000,-41.000,-18.000
-48.000,-42.000,-20.000
-65.000,-43.000,-22.000
-66.000,-44.000,-2.000
-2.000,1.000,44.000
-42.000,0.000,54.000
-42.000,-1.000,0.000
-57.000,-3.000,-14.000
-4.000,11.000,23.000
-3.000,11.000,28.000
-19.000,13.000,68.000
-58.000,11.000,9.000
-54.000,9.000,-31.000
-3.000,21.000,63.000
-21.000,18.000,-26.000
-17.000,18.000,-28.000
-51.000,17.000,-27.000
-47.000,17.000,-26.000
-40.000,39.000,-14.000
-51.000,39.000,-14.000
-56.000,38.000,1.000
-23.000,49.000,38.000
-27.000,48.000,-16.000
-24.000,48.000,-17.000
-24.000,59.000,-15.000
-10.000,37.000,-29.000
-10.000,36.000,-24.000
-26.000,-28.000,-24.000
-43.000,-28.000,16.000
-28.000,-28.000,-27.000
-45.000,-28.000,-20.000
-3.000,-94.000,9.000
-23.000,-86.000,19.000
-33.000,-76.000,28.000
-21.000,-75.000,51.000
-53.000,-79.000,3.000
-52.000,-55.000,-16.000
-36.000,-15.000,-32.000
-59.000,-30.000,3.000
-44.000,-29.000,-34.000
-9.000,-27.000,36.000
-15.000,-37.000,49.000
-3.000,-37.000,61.000
-69.000,-41.000,27.000
-3.000,0.000,26.000
-43.000,-2.000,-45.000
-35.000,37.000,46.000
-35.000,48.000,-13.000
-40.000,-28.000,-22.000
-24.000,-94.000,22.000
-6.000,-94.000,5.000
-7.000,-94.000,22.000
-26.000,-94.000,-16.000
-28.000,-94.000,-13.000
-36.000,-94.000,-4.000
-59.000,-67.000,-16.000
-23.000,-53.000,2.000
-61.000,-55.000,-14.000
-39.000,-26.000,54.000
-45.000,-16.000,-3.000
-8.000,-13.000,44.000
-2.000,-13.000,69.000
-33.000,-39.000,67.000
-6.000,-36.000,23.000
-40.000,-42.000,-23.000
-66.000,-2.000,11.000
-1.000,13.000,70.000
-43.000,8.000,-18.000
-34.000,49.000,35.000
-34.000,48.000,-13.000
-35.000,60.000,12.000
-4.000,36.000,-25.000
-25.000,5.000,-19.000
-17.000,-86.000,37.000
-48.000,-85.000,-5.000
-18.000,-76.000,39.000
-15.000,-75.000,10.000
-38.000,-77.000,-11.000
-12.000,-64.000,68.000
-21.000,-63.000,-4.000
-22.000,-63.000,-5.000
-22.000,-63.000,-3.000
-30.000,-63.000,2.000
-44.000,-66.000,15.000
-52.000,-67.000,-12.000
-5.000,-52.000,68.000
-31.000,-52.000,71.000
-22.000,-53.000,2.000
-51.000,-55.000,-18.000
-42.000,-55.000,-12.000
-54.000,-55.000,-19.000
-60.000,-55.000,-14.000
-39.000,-27.000,70.000
-37.000,-16.000,-29.000
-24.000,-15.000,-35.000
-42.000,-15.000,-33.000
-50.000,-15.000,-39.000
-50.000,-15.000,-37.000
-56.000,-16.000,-9.000
-44.000,-15.000,5.000
-67.000,-16.000,21.000
-50.000,-16.000,6.000
-38.000,-14.000,58.000
-54.000,-29.000,-29.000
-56.000,-30.000,-28.000
-4.000,-25.000,72.000
-10.000,-26.000,83.000
-39.000,-41.000,-14.000
-52.000,-42.000,-18.000
-24.000,-2.000,-35.000
-17.000,-2.000,-28.000
-45.000,-2.000,-39.000
-49.000,0.000,55.000
-60.000,-2.000,11.000
-47.000,-1.000,7.000
-65.000,-1.000,26.000
-45.000,11.000,0.000
0.000,13.000,70.000
-65.000,9.000,5.000
-53.000,9.000,-31.000
-2.000,21.000,63.000
-43.000,18.000,0.000
-60.000,17.000,-8.000
-7.000,37.000,59.000
-40.000,39.000,-16.000
-37.000,39.000,-14.000
-8.000,48.000,-25.000
-21.000,61.000,30.000
-9.000,36.000,-24.000
-26.000,60.000,16.000
-60.000,-26.000,18.000
-59.000,5.000,-4.000
-58.000,5.000,-4.000
-49.000,-3.000,1.000
-10.000,55.000,35.000
-5.000,-55.000,24.000
-3.000,-42.000,28.000
-6.000,44.000,28.000
-8.000,55.000,-5.000
-4.000,54.000,12.000
-5.000,42.000,-13.000
-4.000,54.000,3.000
-4.000,42.000,-6.000
-25.000,-95.000,1.000
-23.000,-95.000,2.000
-49.000,28.000,-7.000
-52.000,-54.000,9.000
-50.000,18.000,-10.000
-62.000,-55.000,38.000
-56.000,-26.000,-10.000
-43.000,-55.000,50.000
-64.000,-42.000,-7.000
-43.000,20.000,36.000
-45.000,20.000,38.000
-42.000,20.000,52.000
-37.000,55.000,-11.000
-24.000,-78.000,55.000
-15.000,26.000,53.000
-25.000,26.000,56.000
-54.000,44.000,7.000
-36.000,-16.000,-1.000
-60.000,-26.000,26.000
-5.000,-26.000,28.000
-10.000,-78.000,41.000
-6.000,-64.000,39.000
-3.000,-16.000,28.000
-12.000,-77.000,13.000
-7.000,-55.000,4.000
-3.000,19.000,30.000
0.000,5.000,68.000
-2.000,26.000,25.000
-2.000,19.000,47.000
-6.000,26.000,43.000
-28.000,44.000,30.000
-30.000,56.000,30.000
-27.000,56.000,38.000
-1.000,26.000,25.000
-4.000,20.000,52.000
-30.000,-26.000,73.000
-29.000,-26.000,73.000
-13.000,-26.000,72.000
0.000,-16.000,55.000
-24.000,-16.000,77.000
-26.000,-26.000,58.000
-36.000,-16.000,66.000
-35.000,-86.000,25.000
-27.000,-42.000,-15.000
-42.000,-76.000,22.000
-23.000,5.000,62.000
-23.000,20.000,47.000
-36.000,-77.000,29.000
-16.000,-64.000,16.000
-25.000,-55.000,48.000
-25.000,-2.000,59.000
-25.000,-64.000,45.000
-28.000,-2.000,63.000
-44.000,5.000,33.000
-19.000,-16.000,-29.000
-37.000,-16.000,-39.000
-45.000,-16.000,-31.000
-12.000,6.000,-29.000
-16.000,7.000,-36.000
-12.000,6.000,-31.000
-16.000,7.000,-38.000
-16.000,7.000,-42.000
-39.000,-95.000,-4.000
-21.000,-95.000,-11.000
-17.000,-95.000,-1.000
-20.000,-95.000,-7.000
-29.000,-95.000,15.000
-7.000,-86.000,30.000
-5.000,-86.000,39.000
-36.000,-86.000,22.000
-34.000,-86.000,22.000
-17.000,-86.000,0.000
-20.000,-86.000,-4.000
-12.000,-86.000,1.000
-9.000,-86.000,14.000
-45.000,-86.000,5.000
-35.000,-86.000,-20.000
-47.000,-86.000,-4.000
-4.000,-42.000,3.000
-20.000,-42.000,-12.000
-19.000,-42.000,-12.000
-3.000,-42.000,3.000
-27.000,-26.000,-23.000
-3.000,-26.000,41.000
-5.000,-26.000,61.000
-3.000,-3.000,32.000
-8.000,-3.000,47.000
-2.000,-3.000,57.000
-20.000,-3.000,-37.000
-10.000,-3.000,-35.000
-25.000,-3.000,-37.000
-29.000,-3.000,-43.000
-34.000,-3.000,-40.000
-38.000,-3.000,-36.000
-56.000,-54.000,-30.000
-56.000,-42.000,-29.000
-19.000,44.000,54.000
-33.000,-77.000,22.000
-44.000,-75.000,-22.000
-14.000,-76.000,8.000
-29.000,-64.000,52.000
-20.000,-64.000,-13.000
-61.000,-64.000,14.000
-54.000,-54.000,-4.000
-46.000,-54.000,-22.000
-4.000,-42.000,82.000
-65.000,-42.000,5.000
-51.000,-42.000,7.000
-60.000,-42.000,-28.000
-57.000,-26.000,54.000
-42.000,-26.000,70.000
-51.000,-26.000,-29.000
-61.000,-26.000,-21.000
-9.000,-16.000,48.000
-47.000,-16.000,63.000
-69.000,-16.000,-1.000
-34.000,-2.000,64.000
-60.000,-3.000,28.000
-57.000,-3.000,47.000
-61.000,-3.000,-4.000
-66.000,-3.000,-5.000
-6.000,5.000,42.000
-38.000,5.000,65.000
-41.000,5.000,4.000
-41.000,5.000,-4.000
-46.000,8.000,-42.000
-15.000,27.000,-26.000
-30.000,28.000,1.000
-47.000,29.000,4.000
-39.000,28.000,-24.000
-44.000,20.000,-3.000
-30.000,18.000,-36.000
-33.000,43.000,-9.000
-44.000,55.000,-2.000
-16.000,55.000,-22.000
-12.000,-77.000,27.000
-12.000,-77.000,29.000
-47.000,-76.000,12.000
-14.000,-76.000,-11.000
-26.000,-64.000,66.000
-59.000,-64.000,34.000
-10.000,-55.000,37.000
-5.000,-55.000,72.000
-35.000,-64.000,-17.000
-25.000,-64.000,-1.000
-25.000,-64.000,5.000
-59.000,-64.000,-11.000
-26.000,-55.000,66.000
-26.000,-55.000,-19.000
-3.000,-42.000,54.000
-2.000,-42.000,54.000
-24.000,-42.000,70.000
-51.000,-42.000,50.000
-71.000,-42.000,14.000
-47.000,-42.000,-29.000
-63.000,-42.000,-4.000
-68.000,-26.000,24.000
-46.000,-26.000,-27.000
-59.000,-16.000,49.000
-37.000,-16.000,58.000
-34.000,-16.000,62.000
-43.000,-16.000,10.000
-58.000,-16.000,-7.000
-59.000,-16.000,-32.000
-62.000,-16.000,-7.000
-44.000,-3.000,5.000
-62.000,-3.000,-19.000
-45.000,5.000,-14.000
-45.000,8.000,-40.000
-51.000,8.000,-37.000
-57.000,18.000,-12.000
-16.000,18.000,-34.000
-25.000,18.000,-41.000
-16.000,26.000,53.000
-50.000,44.000,20.000
-27.000,42.000,-10.000
-19.000,42.000,-23.000
-34.000,43.000,-11.000
-34.000,56.000,20.000
-7.000,55.000,-19.000
-24.000,55.000,-14.000
-40.000,-16.000,-31.000
-70.000,-42.000,-11.000
-2.000,27.000,-26.000
-43.000,28.000,-23.000
-42.000,-76.000,16.000
-54.000,-75.000,14.000
-19.000,-55.000,75.000
-62.000,-64.000,12.000
-41.000,-64.000,-22.000
-23.000,-55.000,-3.000
-25.000,-55.000,-2.000
-55.000,-54.000,-6.000
-49.000,-54.000,-23.000
-6.000,-42.000,48.000
-47.000,-42.000,60.000
0.000,-26.000,73.000
-34.000,-26.000,-31.000
-62.000,-26.000,-35.000
-63.000,-26.000,-17.000
-57.000,-26.000,3.000
-7.000,-16.000,44.000
-52.000,-16.000,-36.000
-63.000,-16.000,-30.000
-63.000,-3.000,42.000
-47.000,-3.000,-1.000
-68.000,-3.000,12.000
-50.000,-3.000,-36.000
-38.000,5.000,40.000
-55.000,5.000,50.000
-60.000,5.000,1.000
-64.000,5.000,6.000
-27.000,7.000,-42.000
-26.000,7.000,-42.000
-52.000,5.000,-19.000
-5.000,27.000,-19.000
-35.000,28.000,-21.000
-38.000,20.000,-2.000
-1.000,26.000,57.000
-53.000,29.000,34.000
-5.000,44.000,53.000
-8.000,42.000,-24.000
-49.000,44.000,-9.000
-31.000,19.000,-20.000
